-- Seed: UK curriculum tree from countryConfig.ts / subjectConfig.ts / specifications.json
-- One-time data population (no schema changes). Not idempotent on a second run:
-- re-running would insert duplicate rows, since these tables have no unique
-- constraint on (name, parent_id) to key an ON CONFLICT target off of.

INSERT INTO curricula (id, name, country, description) VALUES
  ('a7640014-a354-4386-a601-a03dc98efa02', 'UK National Curriculum', 'uk', 'GCSE and A-Level qualifications as offered by UK exam boards.')
ON CONFLICT DO NOTHING;

INSERT INTO qualifications (id, curriculum_id, name, level) VALUES
  ('b986ff2e-687c-49e3-b3c8-fb9fda8a2cd8', 'a7640014-a354-4386-a601-a03dc98efa02', 'GCSE', 'KS4'),
  ('fd8f1638-c94e-428f-ac58-b835f6ae3c7d', 'a7640014-a354-4386-a601-a03dc98efa02', 'A-Level', 'KS5')
ON CONFLICT DO NOTHING;

INSERT INTO exam_boards (id, qualification_id, name) VALUES
  ('89dbbf37-ee55-45ea-9bfd-ece9a5d5405c', 'b986ff2e-687c-49e3-b3c8-fb9fda8a2cd8', 'AQA'),
  ('5ace40ed-1d36-4c5d-8114-8e06d09dff37', 'b986ff2e-687c-49e3-b3c8-fb9fda8a2cd8', 'Edexcel'),
  ('65d60598-b7dd-409e-a2eb-58881a184fae', 'b986ff2e-687c-49e3-b3c8-fb9fda8a2cd8', 'OCR'),
  ('2fa3aa42-a4e4-4ea1-baee-a275deb3e0ab', 'fd8f1638-c94e-428f-ac58-b835f6ae3c7d', 'AQA'),
  ('360024ce-6f8f-4378-aab4-c60f3221bb15', 'fd8f1638-c94e-428f-ac58-b835f6ae3c7d', 'Edexcel'),
  ('009e3ffc-0e7d-42b2-a0b5-677e9bd16252', 'fd8f1638-c94e-428f-ac58-b835f6ae3c7d', 'OCR')
ON CONFLICT DO NOTHING;

INSERT INTO subjects (id, exam_board_id, name) VALUES
  ('96ee8a9c-75e6-42e9-8adf-9ea77ddc1c4c', '89dbbf37-ee55-45ea-9bfd-ece9a5d5405c', 'Biology'),
  ('6ad4aded-18c3-42b9-9492-d97ef682b3b8', '89dbbf37-ee55-45ea-9bfd-ece9a5d5405c', 'Chemistry'),
  ('98c8ff30-c814-40dd-a8ac-9888d47c5a8e', '89dbbf37-ee55-45ea-9bfd-ece9a5d5405c', 'Physics'),
  ('f9427dc7-3774-40af-9a0a-e813b0984dce', '89dbbf37-ee55-45ea-9bfd-ece9a5d5405c', 'Mathematics'),
  ('24b0d6d6-2812-40ee-abbf-e2d359333a61', '89dbbf37-ee55-45ea-9bfd-ece9a5d5405c', 'English Language'),
  ('b39f7f7a-c46a-4aae-9550-6bfc03ddd920', '89dbbf37-ee55-45ea-9bfd-ece9a5d5405c', 'English Literature'),
  ('e0351df2-a916-4c27-8809-676d7a729ce6', '89dbbf37-ee55-45ea-9bfd-ece9a5d5405c', 'History'),
  ('93e0919c-b8c2-43e7-a1c4-4fd30a62bc47', '89dbbf37-ee55-45ea-9bfd-ece9a5d5405c', 'Geography'),
  ('c3825604-9c19-4b0f-84b9-4d5dc16f4f8c', '89dbbf37-ee55-45ea-9bfd-ece9a5d5405c', 'Economics'),
  ('842ad0d6-59ea-451a-834e-5792c3800185', '89dbbf37-ee55-45ea-9bfd-ece9a5d5405c', 'Psychology'),
  ('6b6d5a60-fa2c-4aa4-8a6c-2e91f82eb2c5', '89dbbf37-ee55-45ea-9bfd-ece9a5d5405c', 'Business'),
  ('4d4b797e-4926-41a2-abe6-c931bdf15855', '89dbbf37-ee55-45ea-9bfd-ece9a5d5405c', 'Computer Science'),
  ('97e712aa-0fb7-44cc-b774-26b7a39c74f3', '2fa3aa42-a4e4-4ea1-baee-a275deb3e0ab', 'Biology'),
  ('7ee71e48-f0de-478a-9a36-5616dcfb4d24', '2fa3aa42-a4e4-4ea1-baee-a275deb3e0ab', 'Chemistry'),
  ('12c93a4d-e524-495d-90a7-ebf2a55db6a5', '2fa3aa42-a4e4-4ea1-baee-a275deb3e0ab', 'Physics'),
  ('a1b9f027-2c63-4865-9980-5d5c2a2387f0', '2fa3aa42-a4e4-4ea1-baee-a275deb3e0ab', 'Mathematics'),
  ('4a6704d7-ad44-4e79-856a-016851f878d2', '2fa3aa42-a4e4-4ea1-baee-a275deb3e0ab', 'English Language'),
  ('ce39faad-4c8f-4690-815b-037f5869c606', '2fa3aa42-a4e4-4ea1-baee-a275deb3e0ab', 'English Literature'),
  ('d018bfcf-6bec-41c1-ae4b-e98e83cd789a', '2fa3aa42-a4e4-4ea1-baee-a275deb3e0ab', 'History'),
  ('f75f76be-7c7c-45a8-b0ea-846c310c0f74', '2fa3aa42-a4e4-4ea1-baee-a275deb3e0ab', 'Geography'),
  ('df69f485-7b8d-49bc-abc4-6da194ad0b79', '2fa3aa42-a4e4-4ea1-baee-a275deb3e0ab', 'Economics'),
  ('0cb59b36-67e2-4647-9943-cf2ad8020263', '2fa3aa42-a4e4-4ea1-baee-a275deb3e0ab', 'Psychology'),
  ('d3586af0-e42b-495a-9f4a-1954aec4dfd1', '2fa3aa42-a4e4-4ea1-baee-a275deb3e0ab', 'Business'),
  ('4d522ab5-f808-41ec-992b-b09bfaeb2a26', '2fa3aa42-a4e4-4ea1-baee-a275deb3e0ab', 'Computer Science'),
  ('8255c826-470e-4b74-9d57-a13468f81c4d', '5ace40ed-1d36-4c5d-8114-8e06d09dff37', 'Biology'),
  ('0fb0712d-1705-4d61-af9e-bddd221fc031', '5ace40ed-1d36-4c5d-8114-8e06d09dff37', 'Chemistry'),
  ('303e474c-9bc5-4dd0-aa08-938d0072d9b4', '5ace40ed-1d36-4c5d-8114-8e06d09dff37', 'Physics'),
  ('9f5be3f9-5b8c-4e46-bbd5-1df2478c3825', '5ace40ed-1d36-4c5d-8114-8e06d09dff37', 'Mathematics'),
  ('1daccd87-0484-4fb4-993b-bf547a769886', '5ace40ed-1d36-4c5d-8114-8e06d09dff37', 'English Language'),
  ('5258b6c8-b078-48a8-89ab-2474e984ed3c', '5ace40ed-1d36-4c5d-8114-8e06d09dff37', 'English Literature'),
  ('03825172-2856-4eb0-a982-1bb99661d224', '5ace40ed-1d36-4c5d-8114-8e06d09dff37', 'History'),
  ('464e64ec-2725-470d-a96d-a3a1524c3ccb', '5ace40ed-1d36-4c5d-8114-8e06d09dff37', 'Geography'),
  ('3cf1b1a3-6f64-4db2-b5ff-2443f608f3b1', '5ace40ed-1d36-4c5d-8114-8e06d09dff37', 'Economics'),
  ('617b0306-544a-4c18-bc40-5f75a96a527a', '5ace40ed-1d36-4c5d-8114-8e06d09dff37', 'Psychology'),
  ('afd27c46-60bf-4227-9da6-b430726896e0', '5ace40ed-1d36-4c5d-8114-8e06d09dff37', 'Business'),
  ('9cec3d29-f141-4b81-928e-eff4c1d7914a', '5ace40ed-1d36-4c5d-8114-8e06d09dff37', 'Computer Science'),
  ('1f8f77f9-308e-4da0-ac62-1f0ad994f409', '360024ce-6f8f-4378-aab4-c60f3221bb15', 'Biology'),
  ('4372e7ca-2171-4ac4-8e13-d3188c90163c', '360024ce-6f8f-4378-aab4-c60f3221bb15', 'Chemistry'),
  ('80dacba3-d0e2-40b8-9e4e-adc5951f9010', '360024ce-6f8f-4378-aab4-c60f3221bb15', 'Physics'),
  ('2b3edc1e-92e4-4d72-97f7-10709c073177', '360024ce-6f8f-4378-aab4-c60f3221bb15', 'Mathematics'),
  ('84f7bbba-98a7-4952-82ce-07429ec0ff16', '360024ce-6f8f-4378-aab4-c60f3221bb15', 'English Language'),
  ('ceeacdbb-eecc-45e4-a3af-e84d1dc0fa20', '360024ce-6f8f-4378-aab4-c60f3221bb15', 'English Literature'),
  ('3ee98b5c-42cd-4114-a4f3-543118b84c60', '360024ce-6f8f-4378-aab4-c60f3221bb15', 'History'),
  ('cacf8ad2-1bba-41f8-b3f7-26bab7cc678b', '360024ce-6f8f-4378-aab4-c60f3221bb15', 'Geography'),
  ('d3fbc24d-2601-466f-810e-0ba202700f35', '360024ce-6f8f-4378-aab4-c60f3221bb15', 'Economics'),
  ('69ca59ea-fe51-4b47-8690-b2039a44b13b', '360024ce-6f8f-4378-aab4-c60f3221bb15', 'Psychology'),
  ('0d346243-f41b-483b-ba01-94a0654c185c', '360024ce-6f8f-4378-aab4-c60f3221bb15', 'Business'),
  ('b3200b98-544f-4393-a95f-207e84141511', '360024ce-6f8f-4378-aab4-c60f3221bb15', 'Computer Science'),
  ('f170610d-4fd2-4442-9b31-4f021deb09f9', '65d60598-b7dd-409e-a2eb-58881a184fae', 'Biology'),
  ('e7e31e71-054c-4e45-83b5-eced108f8c97', '65d60598-b7dd-409e-a2eb-58881a184fae', 'Chemistry'),
  ('574a5b26-b487-430f-9c2e-6f361cb3ce4c', '65d60598-b7dd-409e-a2eb-58881a184fae', 'Physics'),
  ('9671ad2e-fd49-4309-8621-a2e3c87e6126', '65d60598-b7dd-409e-a2eb-58881a184fae', 'Mathematics'),
  ('3357d5a8-9335-4fc9-b93a-6c823a76e479', '65d60598-b7dd-409e-a2eb-58881a184fae', 'English Language'),
  ('f534f442-7745-40c0-84b5-a7999dfe77b5', '65d60598-b7dd-409e-a2eb-58881a184fae', 'English Literature'),
  ('2c9c50f4-c2bc-4f2b-a748-9754ee621761', '65d60598-b7dd-409e-a2eb-58881a184fae', 'History'),
  ('fe1dea26-8fec-4057-b7a2-63a2bf880534', '65d60598-b7dd-409e-a2eb-58881a184fae', 'Geography'),
  ('ba8dbe41-aa5c-461e-8c64-0b78757acf29', '65d60598-b7dd-409e-a2eb-58881a184fae', 'Psychology'),
  ('907b45d6-b725-47a7-b50c-1b75bbf267d0', '65d60598-b7dd-409e-a2eb-58881a184fae', 'Business'),
  ('5598af74-72ec-4f23-a8e5-560700d2c9c6', '65d60598-b7dd-409e-a2eb-58881a184fae', 'Computer Science'),
  ('9c88ff48-a2b7-40ac-9b53-8321d24bf43d', '009e3ffc-0e7d-42b2-a0b5-677e9bd16252', 'Biology'),
  ('9004d350-50d2-47f2-be61-c9fa1c9984d0', '009e3ffc-0e7d-42b2-a0b5-677e9bd16252', 'Chemistry'),
  ('bb59a160-4304-46e6-a43b-fcdc114c65cd', '009e3ffc-0e7d-42b2-a0b5-677e9bd16252', 'Physics'),
  ('37ca2048-92bb-4971-b431-112d81cb79ee', '009e3ffc-0e7d-42b2-a0b5-677e9bd16252', 'Mathematics'),
  ('eed68ae2-9ad1-4553-bae1-da324d2f8302', '009e3ffc-0e7d-42b2-a0b5-677e9bd16252', 'English Language'),
  ('f6d07b37-d22e-4ace-af9f-c0810aab9bd0', '009e3ffc-0e7d-42b2-a0b5-677e9bd16252', 'English Literature'),
  ('2e5c4a22-d6ca-4667-bc0e-be34738d4981', '009e3ffc-0e7d-42b2-a0b5-677e9bd16252', 'History'),
  ('ddfa294a-8973-4267-90a5-570f3fb3e519', '009e3ffc-0e7d-42b2-a0b5-677e9bd16252', 'Geography'),
  ('03a6c403-47bd-4f0b-9d54-246b88b0a5e8', '009e3ffc-0e7d-42b2-a0b5-677e9bd16252', 'Economics'),
  ('9b215650-2e25-42c6-8242-ba7345347f99', '009e3ffc-0e7d-42b2-a0b5-677e9bd16252', 'Psychology'),
  ('befcb76a-0833-4c89-a804-a4b8ad24b26d', '009e3ffc-0e7d-42b2-a0b5-677e9bd16252', 'Business'),
  ('807ab42b-c613-4aa6-82ce-7f2566398a46', '009e3ffc-0e7d-42b2-a0b5-677e9bd16252', 'Computer Science')
ON CONFLICT DO NOTHING;

INSERT INTO specifications (subject_id, name, tier) VALUES
  ('96ee8a9c-75e6-42e9-8adf-9ea77ddc1c4c', 'AQA GCSE Biology', 'Foundation'),
  ('96ee8a9c-75e6-42e9-8adf-9ea77ddc1c4c', 'AQA GCSE Biology', 'Higher'),
  ('6ad4aded-18c3-42b9-9492-d97ef682b3b8', 'AQA GCSE Chemistry', 'Foundation'),
  ('6ad4aded-18c3-42b9-9492-d97ef682b3b8', 'AQA GCSE Chemistry', 'Higher'),
  ('98c8ff30-c814-40dd-a8ac-9888d47c5a8e', 'AQA GCSE Physics', 'Foundation'),
  ('98c8ff30-c814-40dd-a8ac-9888d47c5a8e', 'AQA GCSE Physics', 'Higher'),
  ('f9427dc7-3774-40af-9a0a-e813b0984dce', 'AQA GCSE Mathematics', 'Foundation'),
  ('f9427dc7-3774-40af-9a0a-e813b0984dce', 'AQA GCSE Mathematics', 'Higher'),
  ('24b0d6d6-2812-40ee-abbf-e2d359333a61', 'AQA GCSE English Language', NULL),
  ('b39f7f7a-c46a-4aae-9550-6bfc03ddd920', 'AQA GCSE English Literature', NULL),
  ('e0351df2-a916-4c27-8809-676d7a729ce6', 'AQA GCSE History', NULL),
  ('93e0919c-b8c2-43e7-a1c4-4fd30a62bc47', 'AQA GCSE Geography', NULL),
  ('c3825604-9c19-4b0f-84b9-4d5dc16f4f8c', 'AQA GCSE Economics', NULL),
  ('842ad0d6-59ea-451a-834e-5792c3800185', 'AQA GCSE Psychology', NULL),
  ('6b6d5a60-fa2c-4aa4-8a6c-2e91f82eb2c5', 'AQA GCSE Business', NULL),
  ('4d4b797e-4926-41a2-abe6-c931bdf15855', 'AQA GCSE Computer Science', NULL),
  ('97e712aa-0fb7-44cc-b774-26b7a39c74f3', 'AQA A-Level Biology', NULL),
  ('7ee71e48-f0de-478a-9a36-5616dcfb4d24', 'AQA A-Level Chemistry', NULL),
  ('12c93a4d-e524-495d-90a7-ebf2a55db6a5', 'AQA A-Level Physics', NULL),
  ('a1b9f027-2c63-4865-9980-5d5c2a2387f0', 'AQA A-Level Mathematics', NULL),
  ('4a6704d7-ad44-4e79-856a-016851f878d2', 'AQA A-Level English Language', NULL),
  ('ce39faad-4c8f-4690-815b-037f5869c606', 'AQA A-Level English Literature A', NULL),
  ('ce39faad-4c8f-4690-815b-037f5869c606', 'AQA A-Level English Literature B', NULL),
  ('d018bfcf-6bec-41c1-ae4b-e98e83cd789a', 'AQA A-Level History', NULL),
  ('f75f76be-7c7c-45a8-b0ea-846c310c0f74', 'AQA A-Level Geography', NULL),
  ('df69f485-7b8d-49bc-abc4-6da194ad0b79', 'AQA A-Level Economics', NULL),
  ('0cb59b36-67e2-4647-9943-cf2ad8020263', 'AQA A-Level Psychology', NULL),
  ('d3586af0-e42b-495a-9f4a-1954aec4dfd1', 'AQA A-Level Business', NULL),
  ('4d522ab5-f808-41ec-992b-b09bfaeb2a26', 'AQA A-Level Computer Science', NULL),
  ('8255c826-470e-4b74-9d57-a13468f81c4d', 'Edexcel GCSE Biology', 'Foundation'),
  ('8255c826-470e-4b74-9d57-a13468f81c4d', 'Edexcel GCSE Biology', 'Higher'),
  ('0fb0712d-1705-4d61-af9e-bddd221fc031', 'Edexcel GCSE Chemistry', 'Foundation'),
  ('0fb0712d-1705-4d61-af9e-bddd221fc031', 'Edexcel GCSE Chemistry', 'Higher'),
  ('303e474c-9bc5-4dd0-aa08-938d0072d9b4', 'Edexcel GCSE Physics', 'Foundation'),
  ('303e474c-9bc5-4dd0-aa08-938d0072d9b4', 'Edexcel GCSE Physics', 'Higher'),
  ('9f5be3f9-5b8c-4e46-bbd5-1df2478c3825', 'Edexcel GCSE Mathematics', 'Foundation'),
  ('9f5be3f9-5b8c-4e46-bbd5-1df2478c3825', 'Edexcel GCSE Mathematics', 'Higher'),
  ('1daccd87-0484-4fb4-993b-bf547a769886', 'Edexcel GCSE English Language', NULL),
  ('5258b6c8-b078-48a8-89ab-2474e984ed3c', 'Edexcel GCSE English Literature', NULL),
  ('03825172-2856-4eb0-a982-1bb99661d224', 'Edexcel GCSE History', NULL),
  ('464e64ec-2725-470d-a96d-a3a1524c3ccb', 'Edexcel GCSE Geography A', NULL),
  ('464e64ec-2725-470d-a96d-a3a1524c3ccb', 'Edexcel GCSE Geography B', NULL),
  ('3cf1b1a3-6f64-4db2-b5ff-2443f608f3b1', 'Edexcel GCSE Economics', NULL),
  ('617b0306-544a-4c18-bc40-5f75a96a527a', 'Edexcel GCSE Psychology', NULL),
  ('afd27c46-60bf-4227-9da6-b430726896e0', 'Edexcel GCSE Business', NULL),
  ('9cec3d29-f141-4b81-928e-eff4c1d7914a', 'Edexcel GCSE Computer Science', NULL),
  ('1f8f77f9-308e-4da0-ac62-1f0ad994f409', 'Edexcel A-Level Biology A', NULL),
  ('1f8f77f9-308e-4da0-ac62-1f0ad994f409', 'Edexcel A-Level Biology B', NULL),
  ('4372e7ca-2171-4ac4-8e13-d3188c90163c', 'Edexcel A-Level Chemistry', NULL),
  ('80dacba3-d0e2-40b8-9e4e-adc5951f9010', 'Edexcel A-Level Physics', NULL),
  ('2b3edc1e-92e4-4d72-97f7-10709c073177', 'Edexcel A-Level Mathematics', NULL),
  ('84f7bbba-98a7-4952-82ce-07429ec0ff16', 'Edexcel A-Level English Language', NULL),
  ('84f7bbba-98a7-4952-82ce-07429ec0ff16', 'Edexcel A-Level English Language and Literature', NULL),
  ('ceeacdbb-eecc-45e4-a3af-e84d1dc0fa20', 'Edexcel A-Level English Literature', NULL),
  ('3ee98b5c-42cd-4114-a4f3-543118b84c60', 'Edexcel A-Level History', NULL),
  ('cacf8ad2-1bba-41f8-b3f7-26bab7cc678b', 'Edexcel A-Level Geography', NULL),
  ('d3fbc24d-2601-466f-810e-0ba202700f35', 'Edexcel A-Level Economics A', NULL),
  ('d3fbc24d-2601-466f-810e-0ba202700f35', 'Edexcel A-Level Economics B', NULL),
  ('69ca59ea-fe51-4b47-8690-b2039a44b13b', 'Edexcel A-Level Psychology', NULL),
  ('0d346243-f41b-483b-ba01-94a0654c185c', 'Edexcel A-Level Business', NULL),
  ('b3200b98-544f-4393-a95f-207e84141511', 'Edexcel A-Level Computer Science', NULL),
  ('f170610d-4fd2-4442-9b31-4f021deb09f9', 'OCR GCSE Biology A (Gateway Science)', 'Foundation'),
  ('f170610d-4fd2-4442-9b31-4f021deb09f9', 'OCR GCSE Biology A (Gateway Science)', 'Higher'),
  ('f170610d-4fd2-4442-9b31-4f021deb09f9', 'OCR GCSE Biology B (Twenty First Century Science)', 'Foundation'),
  ('f170610d-4fd2-4442-9b31-4f021deb09f9', 'OCR GCSE Biology B (Twenty First Century Science)', 'Higher'),
  ('e7e31e71-054c-4e45-83b5-eced108f8c97', 'OCR GCSE Chemistry A (Gateway Science)', 'Foundation'),
  ('e7e31e71-054c-4e45-83b5-eced108f8c97', 'OCR GCSE Chemistry A (Gateway Science)', 'Higher'),
  ('e7e31e71-054c-4e45-83b5-eced108f8c97', 'OCR GCSE Chemistry B (Twenty First Century Science)', 'Foundation'),
  ('e7e31e71-054c-4e45-83b5-eced108f8c97', 'OCR GCSE Chemistry B (Twenty First Century Science)', 'Higher'),
  ('574a5b26-b487-430f-9c2e-6f361cb3ce4c', 'OCR GCSE Physics A (Gateway Science)', 'Foundation'),
  ('574a5b26-b487-430f-9c2e-6f361cb3ce4c', 'OCR GCSE Physics A (Gateway Science)', 'Higher'),
  ('574a5b26-b487-430f-9c2e-6f361cb3ce4c', 'OCR GCSE Physics B (Twenty First Century Science)', 'Foundation'),
  ('574a5b26-b487-430f-9c2e-6f361cb3ce4c', 'OCR GCSE Physics B (Twenty First Century Science)', 'Higher'),
  ('9671ad2e-fd49-4309-8621-a2e3c87e6126', 'OCR GCSE Mathematics', 'Foundation'),
  ('9671ad2e-fd49-4309-8621-a2e3c87e6126', 'OCR GCSE Mathematics', 'Higher'),
  ('3357d5a8-9335-4fc9-b93a-6c823a76e479', 'OCR GCSE English Language', NULL),
  ('f534f442-7745-40c0-84b5-a7999dfe77b5', 'OCR GCSE English Literature', NULL),
  ('2c9c50f4-c2bc-4f2b-a748-9754ee621761', 'OCR GCSE History A (Explaining the Modern World)', NULL),
  ('2c9c50f4-c2bc-4f2b-a748-9754ee621761', 'OCR GCSE History B (Schools History Project)', NULL),
  ('fe1dea26-8fec-4057-b7a2-63a2bf880534', 'OCR GCSE Geography A', NULL),
  ('fe1dea26-8fec-4057-b7a2-63a2bf880534', 'OCR GCSE Geography B', NULL),
  ('ba8dbe41-aa5c-461e-8c64-0b78757acf29', 'OCR GCSE Psychology', NULL),
  ('907b45d6-b725-47a7-b50c-1b75bbf267d0', 'OCR GCSE Business', NULL),
  ('5598af74-72ec-4f23-a8e5-560700d2c9c6', 'OCR GCSE Computer Science', NULL),
  ('9c88ff48-a2b7-40ac-9b53-8321d24bf43d', 'OCR A-Level Biology A', NULL),
  ('9c88ff48-a2b7-40ac-9b53-8321d24bf43d', 'OCR A-Level Biology B (Advancing Biology)', NULL),
  ('9004d350-50d2-47f2-be61-c9fa1c9984d0', 'OCR A-Level Chemistry A', NULL),
  ('9004d350-50d2-47f2-be61-c9fa1c9984d0', 'OCR A-Level Chemistry B (Salters)', NULL),
  ('bb59a160-4304-46e6-a43b-fcdc114c65cd', 'OCR A-Level Physics A', NULL),
  ('bb59a160-4304-46e6-a43b-fcdc114c65cd', 'OCR A-Level Physics B (Advancing Physics)', NULL),
  ('37ca2048-92bb-4971-b431-112d81cb79ee', 'OCR A-Level Mathematics A', NULL),
  ('37ca2048-92bb-4971-b431-112d81cb79ee', 'OCR A-Level Mathematics B (MEI)', NULL),
  ('eed68ae2-9ad1-4553-bae1-da324d2f8302', 'OCR A-Level English Language', NULL),
  ('f6d07b37-d22e-4ace-af9f-c0810aab9bd0', 'OCR A-Level English Literature', NULL),
  ('2e5c4a22-d6ca-4667-bc0e-be34738d4981', 'OCR A-Level History', NULL),
  ('ddfa294a-8973-4267-90a5-570f3fb3e519', 'OCR A-Level Geography', NULL),
  ('03a6c403-47bd-4f0b-9d54-246b88b0a5e8', 'OCR A-Level Economics', NULL),
  ('9b215650-2e25-42c6-8242-ba7345347f99', 'OCR A-Level Psychology', NULL),
  ('befcb76a-0833-4c89-a804-a4b8ad24b26d', 'OCR A-Level Business', NULL),
  ('807ab42b-c613-4aa6-82ce-7f2566398a46', 'OCR A-Level Computer Science', NULL)
ON CONFLICT DO NOTHING;
